timestamp,joint_1,joint_2,joint_3,joint_4,joint_5,joint_6
0.00013971328735351562,0.0,0.0,0.0,0.0,0.0,0.0
0.020226716995239258,0.0,0.0,0.0,0.0,0.0,0.0
0.04030299186706543,0.0,0.0,0.0,0.0,0.0,0.0
0.06042170524597168,0.0,0.0,0.0,0.0,0.0,0.0
0.08072090148925781,0.0,0.0,0.0,0.0,0.0,0.0
0.10067462921142578,0.0,0.0,0.0,0.0,0.0,0.0
0.12109565734863281,-0.70788586,0.24196145,0.23717225,0.43358323,-0.9981458,0.043643378
0.14099335670471191,-0.3299764,0.1709489,-0.84889215,1.9268664,-0.1320139,-0.7506829
0.1611778736114502,-0.4730749,0.21742529,-0.41502547,1.0599458,-0.3734775,-0.7230434
0.18116998672485352,-0.43989682,0.3806661,-0.44846454,1.077937,-0.7923205,-0.29905355
0.20136141777038574,-0.46811977,0.35297233,-0.2530452,0.44709724,-0.8490974,0.27336356
0.22151803970336914,-0.46811977,0.35297233,-0.2530452,0.44709724,-0.8490974,0.27336356
0.24159574508666992,-0.32530198,0.046293676,0.112595506,-0.0319482,-0.7811192,0.83411235
0.2616851329803467,-0.11201884,-0.39059824,-0.4246222,0.49520725,0.16558659,0.71882194
0.28177332878112793,-0.5581601,0.01403898,0.23882082,0.19235417,-0.70785046,1.2060596
0.3018476963043213,-0.32601616,-0.2596497,-0.26213145,0.36613685,-0.07937831,1.0948826
0.3219635486602783,-0.53644377,0.08986023,0.1771306,0.07247452,-0.62647045,1.3411864
0.342390775680542,-0.19820912,-0.42516318,-0.2926344,0.13801849,0.4498197,0.9686538
0.3622269630432129,-0.19820912,-0.42516318,-0.2926344,0.13801849,0.4498197,0.9686538
0.38231587409973145,-0.6584562,0.034773737,0.3096056,0.06330932,-0.50327873,1.3012394
0.4024624824523926,-0.304187,-0.36080003,-0.32112446,0.28740895,0.41259763,0.8208919
0.42249321937561035,-0.63568884,0.1264418,0.20461415,0.20906463,-0.5272722,1.0642914
0.44256138801574707,-0.142989,-0.36132616,-0.47091675,0.58122164,0.7165512,0.4334926
0.46268153190612793,-0.5147397,0.20908079,-0.055151634,0.7571712,-0.39652413,0.5009954
0.4828004837036133,-0.500576,0.22727248,-0.09743161,0.16496512,-0.2364039,0.42541656
0.5028877258300781,-0.37863553,0.18771005,-0.055169336,0.3340936,0.0024762452,0.37505472
0.5239143371582031,-0.43789732,0.1219247,0.11831056,0.30290872,0.08274846,0.27819258
0.5438699722290039,-0.43789732,0.1219247,0.11831056,0.30290872,0.08274846,0.27819258
0.5639669895172119,-0.24699073,-0.0059636384,-0.4858724,1.1906315,1.0536358,-0.68099314
0.5840435028076172,-0.6545295,0.5359734,-0.4419694,1.5038143,0.08273524,-0.8693099
0.6041197776794434,-0.49174294,0.5076542,-0.29811794,0.8499249,-0.31906286,-0.44089046
0.6245541572570801,-0.32692507,0.6139494,-0.3383799,0.77130884,-0.59463346,0.06393594
0.6443800926208496,-0.2746049,0.5471375,-0.07989519,0.13608783,-0.8432498,0.74615157
0.664456844329834,-0.20342308,0.31973895,0.30562207,-0.20139799,-0.6071423,1.2631785
0.6845555305480957,-0.20342308,0.31973895,0.30562207,-0.20139799,-0.6071423,1.2631785
0.7046351432800293,-0.022752259,-0.16978541,-0.13754678,0.25693637,0.50279677,1.0339317
0.7247264385223389,-0.5893201,0.32303938,0.46237537,0.118531175,-0.68000495,1.2360457
0.7448201179504395,-0.09364249,-0.3141727,-0.44165847,0.56444466,0.84730434,0.5823391
0.764904260635376,-0.49673042,0.24950513,-0.015365111,0.61947274,-0.416023,0.5723898
0.785020112991333,0.24044329,-0.3143562,-0.7567826,1.4289721,1.2247925,-0.27875385
0.8050777912139893,-0.4661143,0.34222212,-0.2923362,1.0886592,0.022579104,-0.33954254
0.8254351615905762,-0.4661143,0.34222212,-0.2923362,1.0886592,0.022579104,-0.33954254
0.8456392288208008,-0.4281009,0.40744558,-0.14288811,0.35522312,-0.3701878,0.1332342
0.8657565116882324,-0.26391798,0.41109076,-0.1073808,0.23797393,-0.45461842,0.4628622
0.8858168125152588,-0.038726054,0.1588923,-0.06319451,0.401341,0.22781141,0.44039246
0.9060571193695068,-0.34056577,0.014660507,0.1467069,0.64761597,0.6511134,-0.18533494
0.9260077476501465,-0.2819449,0.27892408,-0.7803193,2.3075876,1.0562494,-1.0904866
0.9462759494781494,-0.1640233,0.46014062,-0.808792,2.3017688,0.8408375,-1.6857888
0.9662187099456787,0.08461706,0.56610453,-0.7609792,3.042684,0.5571135,-2.08299
0.9864192008972168,0.08461706,0.56610453,-0.7609792,3.042684,0.5571135,-2.08299
1.0064842700958252,0.22180872,0.4881554,-0.88677996,3.4780154,0.6307423,-2.5036361
1.0265073776245117,0.45912763,0.37750074,-1.0758879,4.177,0.9525627,-2.972196
1.04659104347229,0.6998431,0.34144682,-1.2672888,5.120984,1.2635334,-3.4368477
1.0666823387145996,0.8506126,0.41614464,-1.4936711,6.116049,1.5389259,-3.8712351
1.086778163909912,0.8602481,0.64929986,-1.7497134,7.1193113,1.7919683,-4.2877817
1.1068751811981201,0.77329564,0.9963454,-2.0392747,8.185454,2.054437,-4.724804
1.1269936561584473,0.63226944,1.4085131,-2.3555956,9.354658,2.3108304,-5.1753736
1.147160291671753,0.63226944,1.4085131,-2.3555956,9.354658,2.3108304,-5.1753736
1.1672601699829102,0.44498268,1.8816832,-2.6866527,10.6294985,2.5605118,-5.6478543
1.1874630451202393,0.2412769,2.391407,-3.0214233,12.009234,2.8531911,-6.172795
1.2074353694915771,0.035209578,2.8998926,-3.3465924,13.451829,3.1768327,-6.73744
1.2275617122650146,-0.17396553,3.390238,-3.647165,14.886823,3.51035,-7.296523
1.2475991249084473,-0.383072,3.823345,-3.9264293,15.912248,3.9029033,-7.7213326
1.2676818370819092,-0.71066576,4.160924,-4.1357756,16.637072,4.1429324,-8.068722
1.2878639698028564,-0.8596855,4.4252963,-4.302904,17.483126,4.3335857,-8.413059
1.3078992366790771,-0.8596855,4.4252963,-4.302904,17.483126,4.3335857,-8.413059
1.3279812335968018,-0.97505385,4.673221,-4.4558077,18.281244,4.522484,-8.738301
1.3480632305145264,-1.0579468,4.886869,-4.599886,19.027277,4.7080383,-9.040795
1.3681621551513672,-1.123247,5.076654,-4.7325997,19.717478,4.8854527,-9.314572
1.3882274627685547,-1.1822699,5.2483974,-4.851778,20.339731,5.0487843,-9.558203
1.4083054065704346,-1.2368628,5.4026585,-4.957534,20.89237,5.19524,-9.773438
1.42840576171875,-1.2864753,5.5401797,-5.0510254,21.380259,5.3249283,-9.9629965
1.4485454559326172,-1.3307666,5.662303,-5.1336813,21.810152,5.439219,-10.129811
1.4688987731933594,-1.3307666,5.662303,-5.1336813,21.810152,5.439219,-10.129811
1.4890220165252686,-1.3698541,5.7706203,-5.2069182,22.189085,5.539834,-10.276749
1.5091133117675781,-1.404111,5.866766,-5.272043,22.523783,5.628497,-10.406478
1.5291945934295654,-1.4340185,5.952306,-5.330224,22.82039,5.706823,-10.52142
1.5492656230926514,-1.460081,6.0286846,-5.382495,23.084414,5.776276,-10.623728
1.569406270980835,-1.4827822,6.0972047,-5.429754,23.3207,5.838157,-10.71529
1.589505672454834,-1.502577,6.159018,-5.4727764,23.533468,5.8936086,-10.797746
1.6095530986785889,-1.5198742,6.215132,-5.512231,23.726366,5.9436207,-10.872509
1.6296634674072266,-1.5198742,6.215132,-5.512231,23.726366,5.9436207,-10.872509
1.6497952938079834,-1.5350338,6.2664227,-5.5486836,23.90251,5.9890447,-10.940783
1.669865369796753,-1.5483752,6.3136415,-5.5826187,24.064577,6.030609,-11.0036
1.6899569034576416,-1.5601746,6.3574333,-5.6144476,24.214842,6.068939,-11.061838
1.7100281715393066,-1.5706714,6.3983493,-5.644515,24.355223,6.104559,-11.116236
1.730142593383789,-1.5800704,6.4368544,-5.673114,24.487339,6.1379156,-11.16742
1.7502269744873047,-1.5885466,6.4733434,-5.70049,24.61257,6.1693864,-11.215921
1.7702853679656982,-1.5962516,6.508153,-5.7268496,24.732061,6.1992865,-11.262181
1.7904078960418701,-1.6033114,6.5415635,-5.752368,24.846785,6.2278843,-11.306576
1.8112692832946777,-1.6033114,6.5415635,-5.752368,24.846785,6.2278843,-11.306576
1.8313813209533691,-1.6098331,6.5738115,-5.7771893,24.957552,6.2554007,-11.349418
1.851461410522461,-1.6159619,6.60529,-5.801445,25.06568,6.282036,-11.391041
1.871544599533081,-1.6327618,6.6746497,-5.8266773,25.301653,6.310478,-11.445831
1.8916330337524414,-1.6700832,6.7656956,-5.862708,25.576239,6.3512354,-11.529918
1.9117152690887451,-1.712288,6.865496,-5.907518,25.882343,6.404038,-11.632263
1.9318594932556152,-1.7558473,6.968807,-5.9577208,26.205256,6.4662037,-11.744535
1.9518733024597168,-1.7996122,7.0718355,-6.0104103,26.531578,6.5338526,-11.860537
1.9719648361206055,-1.7996122,7.0718355,-6.0104103,26.531578,6.5338526,-11.860537
1.9920549392700195,-1.8426253,7.171852,-6.063422,26.851526,6.6035957,-11.975904
2.01216459274292,-1.88406,7.267076,-6.1152916,27.158606,6.6729617,-12.087728
2.0322210788726807,-1.923319,7.356461,-6.165083,27.448896,6.7402935,-12.19417
2.052309036254883,-1.9600383,7.439508,-6.2122545,27.720358,6.804561,-12.294197
2.0723886489868164,-1.9940513,7.5160956,-6.256536,27.972275,6.8651853,-12.387333
2.0924527645111084,-2.0253367,7.586354,-6.297853,28.204832,6.9219227,-12.473504
2.1127116680145264,-2.0253367,7.586354,-6.297853,28.204832,6.9219227,-12.473504
2.1328203678131104,-2.0539627,7.650606,-6.3362446,28.41883,6.974705,-12.552886
2.152975082397461,-2.0800767,7.709258,-6.371848,28.61542,7.0236535,-12.625841
2.1730129718780518,-2.1038532,7.762767,-6.40485,28.79598,7.0689735,-12.692823
2.193225145339966,-2.1254878,7.811619,-6.4354634,28.961962,7.1109266,-12.754344
2.2133586406707764,-2.1451826,7.856292,-6.463913,29.114851,7.149802,-12.810928
2.2334988117218018,-2.1631384,7.897254,-6.4904222,29.256071,7.185899,-12.863094
2.2536189556121826,-2.1795473,7.9349365,-6.5152073,29.386974,7.219514,-12.911343
2.2740354537963867,-2.1795473,7.9349365,-6.5152073,29.386974,7.219514,-12.911343
2.294154644012451,-2.1945877,7.969743,-6.538473,29.50883,7.250927,-12.956135
2.3142342567443848,-2.2084274,8.002043,-6.5604086,29.622778,7.280404,-12.997906
2.3343453407287598,-2.2212133,8.0321665,-6.5811863,29.72987,7.3081875,-13.037043
2.3543944358825684,-2.2330856,8.060411,-6.6009636,29.831041,7.3345003,-13.073901
2.374490976333618,-2.244166,8.087042,-6.6198792,29.927114,7.359543,-13.108793
2.394604444503784,-2.2545567,8.112288,-6.638059,30.018833,7.3834934,-13.141998
2.4146790504455566,-2.2643561,8.136355,-6.655609,30.106836,7.4065094,-13.173762
2.4358320236206055,-2.2643561,8.136355,-6.655609,30.106836,7.4065094,-13.173762
2.455909252166748,-2.2736478,8.159423,-6.672629,30.19169,7.4287295,-13.204302
2.475989580154419,-2.2736478,8.159423,-6.672629,30.19169,7.4287295,-13.204302
2.4962263107299805,-2.2825017,8.181645,-6.6892004,30.273886,7.450276,-13.233803
2.5162203311920166,-2.2909856,8.2031555,-6.705399,30.353853,7.471257,-13.262429
2.5363097190856934,-2.2991524,8.224073,-6.721288,30.43196,7.4917645,-13.290328
2.5563583374023438,-2.3070483,8.244498,-6.736923,30.508532,7.5118814,-13.317621
2.5764472484588623,-2.3147154,8.264517,-6.7523518,30.583841,7.5316744,-13.344414
2.5966696739196777,-2.3221884,8.284204,-6.7676144,30.658125,7.5512085,-13.370795
2.616647243499756,-2.3294954,8.303623,-6.782748,30.731577,7.570531,-13.396849
2.636960506439209,-2.336666,8.32283,-6.797781,30.80438,7.589689,-13.422636
2.6570611000061035,-2.336666,8.32283,-6.797781,30.80438,7.589689,-13.422636
2.677154064178467,-2.3437085,8.341848,-6.8127494,30.8767,7.6087527,-13.448216
2.6974294185638428,-2.3506603,8.360756,-6.827654,30.94862,7.627696,-13.473636
2.717369318008423,-2.357542,8.379583,-6.84252,31.020237,7.6465497,-13.498943
2.7374656200408936,-2.3643465,8.398342,-6.857377,31.091688,7.6653714,-13.52417
2.7575488090515137,-2.37109,8.417063,-6.872233,31.163057,7.684177,-13.549355
2.7776389122009277,-2.3777885,8.435769,-6.8870974,31.234396,7.702981,-13.574518
2.797797679901123,-2.3777885,8.435769,-6.8870974,31.234396,7.702981,-13.574518
2.817894458770752,-2.3844495,8.454479,-6.9019833,31.305761,7.721798,-13.599683
2.837958574295044,-2.3910818,8.473206,-6.9168944,31.377201,7.7406397,-13.624865
2.8580422401428223,-2.3976932,8.491962,-6.931838,31.448753,7.759516,-13.650078
2.878140449523926,-2.4042892,8.51076,-6.946822,31.52045,7.7784357,-13.675338
2.8982036113739014,-2.410873,8.52961,-6.9618483,31.592318,7.797408,-13.700653
2.918325185775757,-2.41745,8.548517,-6.976924,31.664377,7.816438,-13.726034
2.9384002685546875,-2.4240174,8.567486,-6.992051,31.736658,7.8355308,-13.751488
2.9584662914276123,-2.4305854,8.586527,-7.007233,31.809168,7.854693,-13.777023
2.978573799133301,-2.4305854,8.586527,-7.007233,31.809168,7.854693,-13.777023
2.9986603260040283,-2.4371529,8.605643,-7.022472,31.88192,7.873926,-13.802645
3.018744468688965,-2.4437218,8.624839,-7.037771,31.954935,7.8932366,-13.82836
3.0388121604919434,-2.450294,8.64412,-7.0531335,32.02822,7.912626,-13.854176
3.058905601501465,-2.4568706,8.663487,-7.068561,32.10179,7.9320993,-13.88009
3.0790135860443115,-2.4634533,8.682946,-7.084053,32.175644,7.9516573,-13.906112
3.0990664958953857,-2.4700422,8.702497,-7.0996127,32.2498,7.971305,-13.932241
3.119302988052368,-2.4766393,8.72214,-7.115241,32.324257,7.9910398,-13.958485
3.139498710632324,-2.4766393,8.72214,-7.115241,32.324257,7.9910398,-13.958485
3.1595840454101562,-2.4832468,8.741883,-7.13094,32.399025,8.010868,-13.984841
3.1797022819519043,-2.4898624,8.761725,-7.1467085,32.474102,8.03079,-14.011316
3.1996970176696777,-2.496492,8.781672,-7.16255,32.5495,8.050807,-14.03791
3.219784736633301,-2.5031314,8.801719,-7.1784654,32.625225,8.070921,-14.064628
3.2398674488067627,-2.509781,8.82187,-7.194452,32.70127,8.091133,-14.091465
3.2599782943725586,-2.5164442,8.842128,-7.210512,32.77765,8.111444,-14.118429
3.2805492877960205,-2.5164442,8.842128,-7.210512,32.77765,8.111444,-14.118429
3.3004558086395264,-2.5231218,8.862493,-7.2266483,32.85436,8.131856,-14.145519
3.320539951324463,-2.5298119,8.882966,-7.242859,32.931396,8.1523695,-14.172736
3.34062123298645,-2.5365148,8.903548,-7.259145,33.008778,8.172986,-14.200085
3.3610191345214844,-2.5432343,8.92424,-7.2755065,33.086494,8.193706,-14.227561
3.380902051925659,-2.5499668,8.9450445,-7.291944,33.164547,8.214528,-14.255169
3.4010233879089355,-2.556717,8.965961,-7.3084593,33.242943,8.235458,-14.282909
3.4212327003479004,-2.556717,8.965961,-7.3084593,33.242943,8.235458,-14.282909
3.4413394927978516,-2.5634804,8.986991,-7.3250494,33.321682,8.256492,-14.310783
3.461622714996338,-2.5702639,9.008137,-7.3417177,33.400757,8.277631,-14.338791
3.4815549850463867,-2.577063,9.029398,-7.358461,33.480175,8.298876,-14.366932
3.5016868114471436,-2.5838833,9.050773,-7.3752804,33.55993,8.320227,-14.395206
3.5217461585998535,-2.590723,9.072266,-7.3921742,33.640026,8.341682,-14.423616
3.541898488998413,-2.597581,9.093874,-7.4091444,33.720455,8.363242,-14.452161
3.562535524368286,-2.6044579,9.1156,-7.4261923,33.801228,8.384911,-14.480842
3.582669734954834,-2.6044579,9.1156,-7.4261923,33.801228,8.384911,-14.480842
3.6027488708496094,-2.6113338,9.137425,-7.4433217,33.882355,8.406711,-14.509654
3.623180389404297,-2.6182485,9.159383,-7.4605207,33.96381,8.4285965,-14.538603
3.643009662628174,-2.6251893,9.181461,-7.477793,34.045593,8.450585,-14.56769
3.6633992195129395,-2.6321497,9.203658,-7.495145,34.127724,8.472681,-14.596918
3.683298349380493,-2.6391282,9.22598,-7.5125747,34.2102,8.494887,-14.6262865
3.703383445739746,-2.6461287,9.24842,-7.5300817,34.29303,8.517204,-14.655797
3.723417043685913,-2.6461287,9.24842,-7.5300817,34.29303,8.517204,-14.655797
3.743612051010132,-2.6531506,9.270985,-7.5476675,34.376205,8.539634,-14.68545
3.7638795375823975,-2.6601954,9.293673,-7.5653305,34.459724,8.562176,-14.715242
3.783785343170166,-2.6672616,9.316484,-7.5830717,34.5436,8.584828,-14.74518
3.8038852214813232,-2.6743498,9.339421,-7.6008916,34.62782,8.607595,-14.775261
3.823955774307251,-2.6814618,9.362482,-7.6187887,34.712387,8.630476,-14.805486
3.8440515995025635,-2.6885996,9.385668,-7.6367626,34.797302,8.653469,-14.835852
3.864380121231079,-2.6957574,9.408978,-7.6548157,34.88257,8.676575,-14.866362
3.8842968940734863,-2.7029414,9.432417,-7.672945,34.96818,8.699798,-14.897018
3.9044113159179688,-2.7029414,9.432417,-7.672945,34.96818,8.699798,-14.897018
3.924454689025879,-2.7101474,9.45598,-7.691151,35.05414,8.723133,-14.927818
3.94454288482666,-2.7173767,9.479669,-7.7094345,35.14044,8.746584,-14.958759
3.964663505554199,-2.7246313,9.503485,-7.7277966,35.22709,8.770149,-14.989847
3.984726905822754,-2.7319183,9.527419,-7.7462373,35.314087,8.793827,-15.021085
4.004814863204956,-2.7392364,9.551475,-7.764765,35.401443,8.817616,-15.052481
4.024941921234131,-2.7465892,9.575646,-7.7833757,35.489166,8.84152,-15.084034
4.045042276382446,-2.7539797,9.599941,-7.8020725,35.577263,8.865538,-15.115746
4.065104246139526,-2.7539797,9.599941,-7.8020725,35.577263,8.865538,-15.115746
4.085207223892212,-2.7614102,9.624361,-7.820855,35.665726,8.889672,-15.147619
4.105285406112671,-2.768877,9.6489,-7.839723,35.754562,8.913923,-15.179651
4.125417470932007,-2.7763867,9.673564,-7.8586774,35.843765,8.93829,-15.211846
4.145677804946899,-2.7839346,9.69835,-7.877716,35.933346,8.962773,-15.244205
4.165591478347778,-2.7915244,9.723262,-7.896842,36.0233,8.987375,-15.276726
4.185714960098267,-2.7991571,9.748295,-7.916054,36.113632,9.012092,-15.309413
4.2057671546936035,-2.8068318,9.773445,-7.9353495,36.204338,9.036924,-15.342261
4.226141691207886,-2.8068318,9.773445,-7.9353495,36.204338,9.036924,-15.342261
4.2462568283081055,-2.8145552,9.798713,-7.9547186,36.2954,9.06186,-15.3752575
4.266318321228027,-2.8223228,9.824098,-7.974178,36.386826,9.086917,-15.408421
4.286410808563232,-2.8301034,9.849589,-7.993733,36.478626,9.112117,-15.4417515
4.3064963817596436,-2.837944,9.875207,-8.013363,36.57081,9.137415,-15.47524
4.3266441822052,-2.8458405,9.900947,-8.033072,36.663338,9.162819,-15.508889
4.346649885177612,-2.8537817,9.926802,-8.052866,36.75623,9.188334,-15.5427
4.368012428283691,-2.8537817,9.926802,-8.052866,36.75623,9.188334,-15.5427
4.388116359710693,-2.8617702,9.952776,-8.07274,36.849483,9.2139635,-15.576672
4.408267974853516,-2.8698034,9.978865,-8.092695,36.9431,9.239707,-15.610804
4.428318500518799,-2.877882,10.005068,-8.112733,37.037075,9.265563,-15.645096
4.448391675949097,-2.8860097,10.031387,-8.132851,37.13141,9.291531,-15.679546
4.468573808670044,-2.8941832,10.057824,-8.153049,37.2261,9.317613,-15.714159
4.48873233795166,-2.9024081,10.084375,-8.173328,37.321144,9.343806,-15.748933
4.508918046951294,-2.9024081,10.084375,-8.173328,37.321144,9.343806,-15.748933
4.529068231582642,-2.9106803,10.111043,-8.193687,37.416542,9.370111,-15.783863
4.549151182174683,-2.919003,10.137821,-8.214127,37.51229,9.396529,-15.818956
4.569258689880371,-2.9273725,10.164715,-8.234645,37.608395,9.423059,-15.854206
4.589327812194824,-2.9357958,10.191721,-8.255241,37.70484,9.449699,-15.889614
4.609598875045776,-2.9442692,10.218841,-8.275915,37.801636,9.476451,-15.925179
4.6296563148498535,-2.9527926,10.246071,-8.296666,37.898777,9.503311,-15.960902
4.649739980697632,-2.9613671,10.273412,-8.317496,37.99626,9.530284,-15.99678
4.669947862625122,-2.9613671,10.273412,-8.317496,37.99626,9.530284,-15.99678
4.690352916717529,-2.9699965,10.300865,-8.338401,38.094086,9.557364,-16.032818
4.7103564739227295,-2.978674,10.328432,-8.359386,38.192284,9.584562,-16.069017
4.730372667312622,-2.9874177,10.356095,-8.380415,38.290718,9.611834,-16.105331
4.769500255584717,-2.9874177,10.356095,-8.380415,38.290718,9.611834,-16.105331
4.7976601123809814,-2.9874177,10.356095,-8.380415,38.290718,9.611834,-16.105331
4.817773342132568,-2.9961748,10.383842,-8.401554,38.389492,9.639267,-16.141819
4.837817192077637,-3.005,10.411714,-8.422751,38.488632,9.6667795,-16.178453
4.857898473739624,-3.0138936,10.439695,-8.444017,38.588074,9.694389,-16.215239
4.8780341148376465,-3.0228457,10.467782,-8.465358,38.687836,9.722102,-16.25218
4.8980553150177,-3.0228457,10.467782,-8.465358,38.687836,9.722102,-16.25218
4.918242931365967,-3.031847,10.495975,-8.486769,38.787933,9.74992,-16.289272
4.938295602798462,-3.040903,10.524273,-8.508251,38.888344,9.777843,-16.326517
4.958378314971924,-3.0500193,10.552679,-8.529807,38.98908,9.805872,-16.363916
4.978483200073242,-3.0591903,10.581188,-8.551433,39.090137,9.834003,-16.401464
4.998552083969116,-3.0684195,10.609803,-8.573127,39.191513,9.862241,-16.439163
5.018686771392822,-3.0776978,10.638529,-8.594889,39.29322,9.890581,-16.47701
5.038764476776123,-3.0870304,10.667367,-8.616718,39.39525,9.919029,-16.515007
5.05883264541626,-3.096417,10.69632,-8.638617,39.497612,9.947583,-16.553156
5.079330921173096,-3.096417,10.69632,-8.638617,39.497612,9.947583,-16.553156
5.099450588226318,-3.1058564,10.725388,-8.660584,39.60031,9.976245,-16.591457
5.119610548019409,-3.1153526,10.754571,-8.682623,39.703354,10.005014,-16.629913
5.139980316162109,-3.124906,10.783871,-8.704729,39.806725,10.033892,-16.66852
5.159795045852661,-3.13452,10.813283,-8.7269,39.910423,10.062873,-16.70728
5.179893255233765,-3.1441927,10.842807,-8.74914,40.014442,10.09196,-16.74619
5.200040578842163,-3.1538525,10.872418,-8.77149,40.11878,10.12123,-16.785273
5.220060586929321,-3.1636143,10.902164,-8.793868,40.223488,10.150548,-16.824478
5.240196228027344,-3.1636143,10.902164,-8.793868,40.223488,10.150548,-16.824478
5.260314226150513,-3.173469,10.932008,-8.816267,40.3284,10.179914,-16.863789
5.280419588088989,-3.1833901,10.961939,-8.83874,40.43357,10.209381,-16.903248
5.300510883331299,-3.1933527,10.99197,-8.861273,40.53904,10.23894,-16.942848
5.320616960525513,-3.2033625,11.0221,-8.883865,40.6448,10.268596,-16.982584
5.340710163116455,-3.2134304,11.052326,-8.906513,40.75084,10.29834,-17.022453
5.361020565032959,-3.2235508,11.082647,-8.929214,40.857147,10.3281765,-17.06245
5.380906105041504,-3.2235508,11.082647,-8.929214,40.857147,10.3281765,-17.06245
5.4017133712768555,-3.2337317,11.113063,-8.951969,40.963722,10.358099,-17.102577
5.4216578006744385,-3.2439647,11.143568,-8.974773,41.070557,10.388109,-17.14283
5.443075180053711,-3.254253,11.174159,-8.99763,41.177643,10.418203,-17.183205
5.463157892227173,-3.254253,11.174159,-8.99763,41.177643,10.418203,-17.183205
5.483404874801636,-3.2645974,11.204842,-9.020534,41.284973,10.448377,-17.2237
5.503493070602417,-3.2749996,11.235608,-9.043486,41.392555,10.478634,-17.264317
5.523691177368164,-3.2854538,11.2664585,-9.066485,41.50037,10.50897,-17.30505
5.543558835983276,-3.2959661,11.29739,-9.089529,41.608414,10.539387,-17.3459
5.563628196716309,-3.3065343,11.328401,-9.112616,41.716682,10.569878,-17.386864
5.583721399307251,-3.3171592,11.359499,-9.135753,41.825207,10.6004505,-17.427948
5.603921890258789,-3.3278384,11.390668,-9.158925,41.93392,10.631094,-17.46914
5.624183654785156,-3.3278384,11.390668,-9.158925,41.93392,10.631094,-17.46914
5.644320964813232,-3.3385787,11.421911,-9.182137,42.042835,10.661808,-17.510433
5.664395332336426,-3.3493714,11.453221,-9.205385,42.151947,10.69259,-17.551828
5.684473752975464,-3.3602204,11.484602,-9.22867,42.261253,10.723438,-17.593325
5.704558610916138,-3.371129,11.516052,-9.251988,42.370735,10.754352,-17.63492
5.724785804748535,-3.3820896,11.547567,-9.275342,42.480408,10.785332,-17.676615
5.745210409164429,-3.393124,11.579176,-9.298771,42.59034,10.816406,-17.718456
5.765012264251709,-3.404139,11.610844,-9.322268,42.700478,10.84762,-17.760424
5.78508448600769,-3.4152532,11.642594,-9.345757,42.81087,10.878843,-17.80246
5.805675268173218,-3.4152532,11.642594,-9.345757,42.81087,10.878843,-17.80246
5.825811147689819,-3.4264631,11.674408,-9.369265,42.92138,10.910112,-17.844587
5.8459577560424805,-3.4377337,11.70628,-9.392798,43.032036,10.941429,-17.8868
5.866006135940552,-3.449061,11.738205,-9.416358,43.142834,10.972798,-17.929096
5.8860814571380615,-3.4604273,11.770142,-9.439866,43.25365,11.004155,-17.971388
5.9061524868011475,-3.4718757,11.802118,-9.463432,43.364525,11.03558,-18.013767
5.926316976547241,-3.4833584,11.834141,-9.4870205,43.475548,11.067051,-18.05623
5.946343898773193,-3.4948907,11.866209,-9.510635,43.5867,11.098575,-18.098768
5.966430902481079,-3.5064802,11.898323,-9.534265,43.697968,11.130146,-18.141376
5.986703634262085,-3.5064802,11.898323,-9.534265,43.697968,11.130146,-18.141376
6.006857395172119,-3.518127,11.930481,-9.557914,43.80934,11.161759,-18.18406
6.027171611785889,-3.529831,11.962681,-9.581579,43.920822,11.193416,-18.226805
6.047022104263306,-3.5415878,11.994917,-9.605257,44.032394,11.225114,-18.269615
6.0671327114105225,-3.5534058,12.027189,-9.628949,44.14405,11.256848,-18.312487
6.087243556976318,-3.565277,12.059495,-9.652652,44.255783,11.288618,-18.355417
6.1072838306427,-3.5772028,12.09183,-9.676363,44.3676,11.320423,-18.398403
6.127423286437988,-3.5891876,12.124194,-9.700082,44.47947,11.3522625,-18.44144
6.147965431213379,-3.5891876,12.124194,-9.700082,44.47947,11.3522625,-18.44144
6.167935848236084,-3.6012263,12.156586,-9.723805,44.591393,11.384128,-18.484524
6.188000917434692,-3.6133204,12.188998,-9.747534,44.70336,11.416021,-18.527657
6.208402872085571,-3.6254702,12.221432,-9.771265,44.815376,11.447939,-18.570833
6.228553056716919,-3.6376705,12.253885,-9.794998,44.92743,11.479881,-18.614052
6.248624801635742,-3.6499305,12.286355,-9.8187275,45.039505,11.511847,-18.657307
6.268709421157837,-3.6622453,12.318837,-9.842456,45.15159,11.543828,-18.700594
6.2888243198394775,-3.674611,12.351329,-9.8661785,45.26368,11.575826,-18.743912
6.309180974960327,-3.6870322,12.38383,-9.889896,45.37577,11.607838,-18.787256
6.3293616771698,-3.6870322,12.38383,-9.889896,45.37577,11.607838,-18.787256
6.349348306655884,-3.6995072,12.416336,-9.913603,45.48785,11.639859,-18.830627
6.369479417800903,-3.7120333,12.448844,-9.937304,45.59992,11.671894,-18.874022
6.3894829750061035,-3.7245593,12.481344,-9.961031,45.711952,11.703999,-18.917456
6.409611940383911,-3.7371664,12.513851,-9.984718,45.82401,11.736071,-18.960886
6.429670333862305,-3.749848,12.546358,-10.008383,45.935993,11.768135,-19.004326
6.449779272079468,-3.7625828,12.578852,-10.032025,46.047913,11.800193,-19.047775
6.469812631607056,-3.7753735,12.611334,-10.055652,46.159775,11.832246,-19.091228
6.489899158477783,-3.7753735,12.611334,-10.055652,46.159775,11.832246,-19.091228
6.510009527206421,-3.7882123,12.643797,-10.079256,46.27156,11.864293,-19.134682
6.530083656311035,-3.8011003,12.676248,-10.102837,46.38327,11.896332,-19.178135
6.550145149230957,-3.8140368,12.708674,-10.126391,46.49489,11.92836,-19.221579
6.570267200469971,-3.8270283,12.741078,-10.1499195,46.6064,11.960377,-19.265013
6.5903520584106445,-3.840065,12.773456,-10.173418,46.71781,11.992376,-19.30843
6.610431909561157,-3.8531537,12.805803,-10.196886,46.829105,12.024359,-19.351833
6.630503177642822,-3.8619528,12.826832,-10.201361,46.906708,12.040242,-19.372753
6.651920557022095,-3.8619528,12.826832,-10.201361,46.906708,12.040242,-19.372753
6.672029733657837,-3.8734093,12.837318,-10.200136,46.941833,12.048275,-19.37964
6.692124843597412,-3.88174,12.839191,-10.195958,46.951744,12.049788,-19.378105
6.7122108936309814,-3.8865848,12.835598,-10.190421,46.946346,12.047735,-19.37156
6.7322587966918945,-3.888925,12.828904,-10.184627,46.932896,12.044082,-19.362545
6.752353668212891,-3.889742,12.82083,-10.179262,46.916508,12.040113,-19.352901
6.772554397583008,-3.8898015,12.8125925,-10.174783,46.90071,12.036689,-19.343918
6.7925639152526855,-3.8896399,12.8050165,-10.17147,46.887924,12.0343685,-19.336475
6.8129541873931885,-3.8896232,12.798659,-10.169486,46.87971,12.033508,-19.33113
6.833024740219116,-3.8896232,12.798659,-10.169486,46.87971,12.033508,-19.33113
6.853117942810059,-3.8900113,12.79387,-10.168909,46.877037,12.034313,-19.328213
6.873213291168213,-3.8909674,12.790841,-10.169752,46.880394,12.036874,-19.327883
6.8932952880859375,-3.8925848,12.7896595,-10.171982,46.88996,12.041209,-19.33018
6.9134202003479,-3.8949156,12.790334,-10.175539,46.905693,12.047279,-19.335056
6.9335198402404785,-3.8979821,12.792818,-10.180348,46.927376,12.055009,-19.342413
6.953582048416138,-3.901771,12.79703,-10.1863165,46.954704,12.064299,-19.35211
6.973661184310913,-3.901771,12.79703,-10.1863165,46.954704,12.064299,-19.35211
6.993770360946655,-3.9062629,12.802868,-10.193354,46.987305,12.075042,-19.363987
7.0139501094818115,-3.9114194,12.810214,-10.201363,47.024773,12.087119,-19.37787
7.034013986587524,-3.9172044,12.818951,-10.210254,47.066696,12.100414,-19.393593
7.054078102111816,-3.923573,12.828954,-10.219938,47.11267,12.114811,-19.410988
7.0742270946502686,-3.9304795,12.840108,-10.230335,47.162304,12.130203,-19.429892
7.094306468963623,-3.931468,12.850963,-10.246194,47.214104,12.154272,-19.453053
7.114389419555664,-3.9241734,12.861875,-10.268114,47.27494,12.188606,-19.480568
7.134441614151001,-3.9166903,12.874995,-10.290581,47.3472,12.224989,-19.509277
7.156028985977173,-3.9166903,12.874995,-10.290581,47.3472,12.224989,-19.509277
7.176147222518921,-3.9130216,12.890133,-10.312167,47.423218,12.260839,-19.538584
7.196216344833374,-3.9127264,12.906405,-10.332722,47.500443,12.295184,-19.568163
7.216288328170776,-3.914875,12.9232855,-10.352289,47.577797,12.327887,-19.597734
7.236393213272095,-3.9187903,12.940457,-10.370978,47.65466,12.359093,-19.6271
7.256480932235718,-3.924024,12.957717,-10.388883,47.730675,12.388971,-19.656116
7.2765631675720215,-3.930275,12.974923,-10.406083,47.80562,12.417679,-19.684702
7.296705961227417,-3.9373107,12.991983,-10.422653,47.879333,12.445352,-19.7128
7.317235708236694,-3.9373107,12.991983,-10.422653,47.879333,12.445352,-19.7128
7.337339401245117,-3.944961,13.008839,-10.438657,47.951767,12.472111,-19.74039
7.3574488162994385,-3.9530897,13.025449,-10.454153,48.022873,12.498064,-19.767471
7.3775811195373535,-3.9615912,13.041791,-10.469201,48.09269,12.523307,-19.794048
7.397849082946777,-3.970386,13.057855,-10.48384,48.161236,12.547924,-19.820133
7.417950868606567,-3.979415,13.07364,-10.498119,48.22857,12.571987,-19.845753
7.43813419342041,-3.9886265,13.089151,-10.51207,48.294746,12.595562,-19.870934
7.458119630813599,-3.9979882,13.104396,-10.52573,48.359825,12.618707,-19.895697
7.478605270385742,-3.9979882,13.104396,-10.52573,48.359825,12.618707,-19.895697
7.498682498931885,-4.007473,13.119388,-10.539125,48.42386,12.641462,-19.920067
7.518775939941406,-4.0170527,13.134132,-10.55228,48.48693,12.6638775,-19.94407
7.538853168487549,-4.0266876,13.148633,-10.565216,48.549084,12.685972,-19.967728
7.558980464935303,-4.036347,13.162905,-10.5779505,48.610394,12.707775,-19.99106
7.579119682312012,-4.0460234,13.176959,-10.590505,48.670914,12.729317,-20.014091
7.599197864532471,-4.0557046,13.190811,-10.602892,48.730705,12.75062,-20.036842
7.619237422943115,-4.0653954,13.204474,-10.6151285,48.78981,12.771708,-20.059332
7.6396543979644775,-4.0750957,13.217961,-10.627227,48.848278,12.792597,-20.081575
7.659740447998047,-4.0750957,13.217961,-10.627227,48.848278,12.792597,-20.081575
7.680141448974609,-4.084807,13.231287,-10.639195,48.90615,12.813299,-20.10359
7.7000885009765625,-4.0945325,13.244462,-10.651046,48.963467,12.833831,-20.12539
7.720133304595947,-4.104267,13.257493,-10.662785,49.020264,12.854204,-20.146994
7.740243673324585,-4.1140137,13.270389,-10.674419,49.076565,12.874428,-20.168404
7.76031231880188,-4.123772,13.283158,-10.685957,49.132397,12.894516,-20.189636
7.7803990840911865,-4.1335435,13.295804,-10.697396,49.187775,12.914474,-20.210695
7.80045485496521,-4.143335,13.30833,-10.708747,49.242714,12.934303,-20.231586
7.820509433746338,-4.143335,13.30833,-10.708747,49.242714,12.934303,-20.231586
7.840636491775513,-4.153135,13.320741,-10.720005,49.297222,12.954012,-20.252312
7.86095929145813,-4.1629505,13.333035,-10.731178,49.35132,12.973606,-20.272877
7.880886793136597,-4.172787,13.3452215,-10.742266,49.405,12.993084,-20.293285
7.9009690284729,-4.1826377,13.357295,-10.753267,49.458267,13.012449,-20.313536
7.921088457107544,-4.192501,13.369255,-10.764182,49.511135,13.031704,-20.33363
7.941144943237305,-4.2023797,13.381104,-10.775015,49.563587,13.05085,-20.353561
7.961233377456665,-4.212277,13.392839,-10.785759,49.615623,13.069882,-20.373337
7.981306314468384,-4.212277,13.392839,-10.785759,49.615623,13.069882,-20.373337
8.00159740447998,-4.222185,13.40446,-10.796414,49.667244,13.088805,-20.392948
8.021555423736572,-4.2321043,13.41596,-10.806984,49.71845,13.107616,-20.412395
8.041614294052124,-4.2420316,13.42734,-10.817458,49.769222,13.126314,-20.431671
8.061697006225586,-4.251964,13.438597,-10.827841,49.819565,13.1448965,-20.450771
8.081815242767334,-4.2619076,13.449731,-10.838129,49.869457,13.163365,-20.469694
8.101874828338623,-4.2619076,13.449731,-10.838129,49.869457,13.163365,-20.469694
8.12207579612732,-4.2718544,13.460731,-10.848318,49.9189,13.181714,-20.488432
8.142085552215576,-4.2818027,13.471588,-10.858393,49.96785,13.19993,-20.506966
8.162156105041504,-4.291764,13.482312,-10.868376,50.01632,13.218029,-20.525312
8.182239770889282,-4.3017235,13.492895,-10.878256,50.0643,13.236002,-20.543467
8.202350378036499,-4.3116813,13.50333,-10.888031,50.111794,13.253849,-20.56142
8.222410202026367,-4.3216395,13.513622,-10.897696,50.158775,13.2715645,-20.579165
8.24249792098999,-4.331602,13.523759,-10.907251,50.205227,13.289148,-20.596699
8.262690782546997,-4.341558,13.533736,-10.916687,50.251144,13.306595,-20.61401
8.282768249511719,-4.341558,13.533736,-10.916687,50.251144,13.306595,-20.61401
8.302881002426147,-4.3515134,13.5435505,-10.926008,50.2965,13.323902,-20.631092
8.323023557662964,-4.361463,13.553195,-10.935209,50.341286,13.341066,-20.647943
8.3434157371521,-4.3714046,13.562668,-10.944283,50.385483,13.35808,-20.664555
8.363335609436035,-4.38134,13.571961,-10.953232,50.429077,13.374948,-20.68092
8.383382797241211,-4.3912654,13.58107,-10.96205,50.472054,13.391659,-20.697031
8.40344786643982,-4.401179,13.589992,-10.9707365,50.514404,13.408213,-20.712883
8.423596858978271,-4.4110775,13.598717,-10.979284,50.5561,13.424608,-20.72847
8.443644523620605,-4.4110775,13.598717,-10.979284,50.5561,13.424608,-20.72847
8.463735580444336,-4.420964,13.607242,-10.987691,50.597122,13.440837,-20.743778
8.48394227027893,-4.4308333,13.615561,-10.9959545,50.63746,13.456895,-20.758804
8.503991603851318,-4.4308333,13.615561,-10.9959545,50.63746,13.456895,-20.758804
8.524062871932983,-4.4406843,13.623666,-11.004072,50.677094,13.472786,-20.773539
8.544123888015747,-4.450515,13.631553,-11.012034,50.716003,13.488499,-20.787977
8.564199924468994,-4.4603252,13.6392145,-11.019846,50.754173,13.504029,-20.802109
8.584296703338623,-4.470109,13.646644,-11.027494,50.79158,13.519378,-20.815918
8.604391813278198,-4.4798694,13.653832,-11.034983,50.828205,13.534534,-20.829409
8.624454021453857,-4.4896007,13.660776,-11.042301,50.86402,13.549501,-20.84256
8.644534826278687,-4.499305,13.667465,-11.049448,50.899006,13.564268,-20.855368
8.664817571640015,-4.5089707,13.673894,-11.056416,50.933144,13.578831,-20.867823
8.684911012649536,-4.5089707,13.673894,-11.056416,50.933144,13.578831,-20.867823
8.705027103424072,-4.5186067,13.680052,-11.063204,50.966404,13.593184,-20.879911
8.725103616714478,-4.528206,13.685935,-11.069806,50.99877,13.6073265,-20.891628
8.745512247085571,-4.5377655,13.691532,-11.076216,51.030216,13.621252,-20.902958
8.765388011932373,-4.547283,13.696834,-11.082431,51.060715,13.634954,-20.913889
8.785460948944092,-4.556754,13.701833,-11.088444,51.090233,13.648428,-20.92441
8.805557012557983,-4.56618,13.706518,-11.094246,51.118744,13.661666,-20.934507
8.825607061386108,-4.5755577,13.710879,-11.099836,51.146217,13.674663,-20.944172
8.845714092254639,-4.5755577,13.710879,-11.099836,51.146217,13.674663,-20.944172
8.865808963775635,-4.5848827,13.714906,-11.105205,51.172623,13.687414,-20.953384
8.88589358329773,-4.5941486,13.71859,-11.110349,51.197937,13.699911,-20.962132
8.905976057052612,-4.6033583,13.721917,-11.115259,51.222107,13.712149,-20.970402
8.926239013671875,-4.612509,13.724876,-11.119927,51.245113,13.724116,-20.97818
8.9467134475708,-4.6215897,13.727453,-11.12435,51.266907,13.73581,-20.985443
8.966544389724731,-4.630604,13.729634,-11.128512,51.287453,13.747224,-20.99218
8.986651182174683,-4.6395392,13.731403,-11.132415,51.30671,13.758348,-20.998363
9.006909370422363,-4.6399646,13.722008,-11.136848,51.301647,13.775809,-20.993769
9.027065753936768,-4.6399646,13.722008,-11.136848,51.301647,13.775809,-20.993769
9.047119855880737,-4.6359963,13.710083,-11.1407795,51.29412,13.79155,-20.983723
9.067192554473877,-4.6324716,13.698348,-11.143196,51.281532,13.804647,-20.971676
9.087257385253906,-5.7089825,12.338762,-9.953624,49.229362,13.781063,-19.185324
9.107388973236084,-6.270289,10.905772,-8.993732,44.56836,13.092865,-17.150501
9.127434253692627,-6.192815,9.347393,-8.036279,39.693123,12.069538,-15.051237
9.147526025772095,-5.884204,7.833902,-7.1263423,34.94902,10.98863,-13.01349
9.167804956436157,-5.505389,6.39832,-6.2779307,30.496157,9.940212,-11.071215
9.187909364700317,-5.505389,6.39832,-6.2779307,30.496157,9.940212,-11.071215
9.207978248596191,-5.1116867,5.035781,-5.500025,26.37126,8.942409,-9.2069235
9.228100061416626,-4.7531347,3.764293,-4.8076763,22.705606,7.995617,-7.362599
9.24813199043274,-4.463573,2.6273386,-4.1904607,19.433916,7.140903,-5.553849
9.268423795700073,-4.1280246,1.6088072,-3.628605,16.376017,6.4130726,-3.784931
9.288368701934814,-3.7109265,0.8056601,-3.1708865,13.867379,5.974622,-2.0938137
9.308433055877686,-2.9070697,-0.13170543,-2.8095608,11.812158,6.0019426,-0.37968442
9.329246520996094,-1.8771576,-0.9344766,-2.3403983,9.519338,5.8224263,1.6320689
9.349320411682129,-1.8771576,-0.9344766,-2.3403983,9.519338,5.8224263,1.6320689
9.369433403015137,-1.2285951,-1.7918947,-1.9376092,7.162985,5.705824,3.4394443
9.389519214630127,-0.8527232,-2.2423332,-1.8078074,5.800329,5.8926945,4.436352
9.409638404846191,-0.67173415,-2.2721715,-1.7615113,5.40956,6.0054507,4.8264756
9.429715156555176,-0.66926026,-2.2618005,-1.7385094,5.260767,6.0584507,4.989785
9.458232164382935,-0.66926026,-2.2618005,-1.7385094,5.260767,6.0584507,4.989785
9.4938063621521,-0.66926026,-2.2618005,-1.7385094,5.260767,6.0584507,4.989785
9.513901233673096,-0.6954487,-2.2570274,-1.7336013,5.185481,6.061523,5.0653825
9.534040451049805,-0.7132185,-2.2548602,-1.7326674,5.141725,6.0508432,5.0969634
9.554132223129272,-0.7132185,-2.2548602,-1.7326674,5.141725,6.0508432,5.0969634
9.574231147766113,-0.7199077,-2.2541122,-1.7321184,5.1195116,6.041524,5.100827
9.594316244125366,-0.71816605,-2.2543824,-1.7315766,5.113646,6.0362015,5.08591
9.614365339279175,-0.7106747,-2.2553644,-1.7310499,5.1195908,6.0342503,5.058302
9.634519577026367,-0.6993715,-2.2568393,-1.7305725,5.133754,6.0346746,5.022255
9.654582738876343,-0.6855544,-2.258636,-1.7301527,5.153523,6.036685,4.980638
9.674662351608276,-0.6701563,-2.2606049,-1.729744,5.17686,6.0397253,4.9354095
9.694745302200317,-0.6538552,-2.262668,-1.7293036,5.20228,6.043416,4.8880334
9.714843273162842,-0.6538552,-2.262668,-1.7293036,5.20228,6.043416,4.8880334
9.73495626449585,-0.63709164,-2.2647727,-1.7288165,5.228819,6.047484,4.8395224
9.75504994392395,-0.6201475,-2.26688,-1.7282813,5.2558637,6.0517507,4.790538
9.775161266326904,-0.6031957,-2.2689638,-1.7277024,5.2830563,6.0561066,4.741481
9.795475006103516,-0.58633393,-2.2710083,-1.727089,5.3102074,6.0604916,4.692575
9.81540322303772,-0.56960714,-2.2730038,-1.726451,5.3372445,6.0648766,4.6439247
9.83552074432373,-0.5530283,-2.274946,-1.7257982,5.3641663,6.069254,4.595558
9.855575323104858,-0.033518035,-1.9028021,-1.3754678,5.7153845,6.2954435,3.0154824
9.875646829605103,0.4888127,-1.7614307,-1.3921106,6.913476,6.4499435,1.6921192
9.895890474319458,0.4888127,-1.7614307,-1.3921106,6.913476,6.4499435,1.6921192
9.915875434875488,0.78933907,-1.3923652,-1.7076266,8.555473,6.556738,0.38218483
9.936107158660889,0.80932164,-0.6465341,-2.2443767,10.702022,6.5317326,-1.2186531
9.956193208694458,0.21181302,0.58968675,-3.051349,13.08542,6.4196086,-3.45703
9.97628927230835,0.07602446,1.4944369,-3.7516043,15.452685,6.2788115,-5.5549965
9.99666690826416,-1.4149994,0.9931549,-3.6827726,16.23723,6.4378057,-4.628779
10.016652345657349,-2.3031414,0.79554904,-3.4212816,15.121853,6.443723,-3.5455935
10.036737203598022,-2.5242267,0.46216592,-3.191798,13.654725,6.257809,-2.4333234
10.056915521621704,-2.530983,0.02799353,-2.9182794,12.183213,6.174699,-1.4262948
10.077108383178711,-2.530983,0.02799353,-2.9182794,12.183213,6.174699,-1.4262948
10.097120761871338,-1.6347919,-0.7591866,-2.5407386,10.894952,6.1856766,0.040089108
10.117472410202026,-1.0809144,-1.2911202,-2.066243,9.084804,5.9563007,1.5621544
10.137325763702393,-0.6323951,-1.9085238,-1.8159049,7.399045,5.966523,2.8289092
10.157421112060547,-0.35012567,-2.26555,-1.743814,6.445982,6.1336966,3.5302334
10.177520275115967,-0.23468606,-2.3070738,-1.7112701,6.086974,6.221196,3.841931
10.197622060775757,-0.24479945,-2.3017585,-1.6923177,5.915385,6.24277,3.9853513
10.21767807006836,-0.2753387,-2.2984657,-1.6866989,5.81554,6.2292542,4.054694
10.238326072692871,-0.2753387,-2.2984657,-1.6866989,5.81554,6.2292542,4.054694
10.258475065231323,-0.29385725,-2.2975357,-1.6854818,5.759225,6.2107873,4.081977
10.278545618057251,-0.30002382,-2.2975953,-1.6850698,5.733324,6.1982403,4.0813894
10.298738479614258,-0.2975367,-2.2982936,-1.6848601,5.728988,6.1921997,4.0622444
10.318670749664307,-0.28947496,-2.2993183,-1.6847695,5.739438,6.1909466,4.0310025
10.338780879974365,-0.27779973,-2.300511,-1.6847675,5.7597804,6.192872,3.9919946
10.35895848274231,0.20856248,-1.8051122,-1.3467779,6.3044486,6.3710346,2.342231
10.379005670547485,0.6537047,-1.4479772,-1.611372,7.946435,6.465575,0.74411285
10.399026870727539,0.6537047,-1.4479772,-1.611372,7.946435,6.465575,0.74411285
10.419138431549072,0.78541476,-0.7060417,-2.2337108,10.354058,6.482256,-1.063499
10.439384460449219,0.2965043,0.64500725,-3.1536415,13.139552,6.351019,-3.6199884
10.45929741859436,0.2537097,1.6989719,-3.9341788,15.98109,6.2279015,-5.991252
10.479575872421265,-1.3302728,1.3388904,-3.931651,17.158205,6.412121,-5.3438945
10.499666213989258,-2.3046045,1.2159306,-3.713902,16.29296,6.422435,-4.5400896
10.519667148590088,-2.6278386,0.9781486,-3.5491629,15.111125,6.2392344,-3.713887
10.53973913192749,-2.6748424,0.6785246,-3.3420494,13.945563,6.07487,-2.9532564
10.559818744659424,-2.6748424,0.6785246,-3.3420494,13.945563,6.07487,-2.9532564
10.579931497573853,-2.487406,0.2824169,-3.1192603,12.87175,5.9824624,-2.127067
10.59999966621399,-2.3084078,-0.10781637,-2.8743737,11.769579,6.041136,-1.3652977
10.620103597640991,-1.8906792,-0.41894975,-2.5319486,10.914182,5.942566,-0.2938594
10.640190362930298,-1.2417781,-1.1106528,-2.1430304,9.496974,5.937795,0.976508
10.66025185585022,-0.6204554,-1.6901232,-1.8316071,8.011835,5.915658,2.1373148
10.680347681045532,-0.24239928,-2.1713345,-1.7051907,6.970578,6.118272,2.958186
10.700420618057251,-0.027567256,-2.331409,-1.6605253,6.4768505,6.277706,3.3678806
10.72243881225586,-0.027567256,-2.331409,-1.6605253,6.4768505,6.277706,3.3678806
10.742395639419556,0.026186567,-2.335788,-1.6335891,6.2746644,6.3455677,3.548507
10.762478590011597,0.009994698,-2.3308413,-1.6220239,6.1636,6.3536663,3.633169
10.782782077789307,-0.0096293865,-2.3281143,-1.6190171,6.0962515,6.3387837,3.6707768
10.802736282348633,-0.01979785,-2.3264403,-1.6182891,6.058895,6.3226614,3.6783035
10.822834253311157,-0.021611113,-2.32534,-1.6181589,6.04422,6.3112082,3.66482
10.842895984649658,-0.01761781,-2.3245437,-1.6182833,6.046117,6.3042984,3.6368673
10.863027572631836,-0.009816485,-2.323837,-1.6185498,6.059534,6.300659,3.5991826
10.883484125137329,-0.009816485,-2.323837,-1.6185498,6.059534,6.300659,3.5991826
10.90359354019165,0.00040642638,-2.3230689,-1.6189073,6.0807247,6.2991657,3.5549748
10.923796892166138,0.012141538,-2.3221605,-1.6193315,6.1071053,6.299021,3.506343
10.943750143051147,0.024820995,-2.3211086,-1.6198059,6.136913,6.299719,3.4547553
10.963853120803833,0.03805683,-2.3198917,-1.6203154,6.1689825,6.3009167,3.4011981
10.983927965164185,0.05159692,-2.318495,-1.6208515,6.202548,6.30239,3.346326
11.00400710105896,0.06528349,-2.3169131,-1.6214083,6.2371073,6.3039913,3.2905715
11.024194478988647,0.06528349,-2.3169131,-1.6214083,6.2371073,6.3039913,3.2905715
11.044291496276855,0.44024572,-1.4988681,-1.3664744,7.1204576,6.376336,1.4010125
11.064376831054688,0.6696561,-0.78176296,-2.0809345,9.558219,6.4030976,-0.64030993
11.084464073181152,0.3031805,0.65420973,-3.1620157,12.787196,6.225005,-3.5607688
11.104521751403809,0.3740119,1.8745154,-4.074651,16.191954,6.089,-6.290674
11.124618291854858,-1.2591134,1.6926602,-4.178707,17.931068,6.3027134,-5.9648943
11.144705295562744,-2.3106055,1.6829537,-4.017602,17.393,6.324874,-5.4744463
11.164758205413818,-2.8214457,1.5627595,-3.9020598,16.289583,6.1878557,-4.88094
11.184972763061523,-2.8214457,1.5627595,-3.9020598,16.289583,6.1878557,-4.88094
11.205098390579224,-2.8844929,1.3042806,-3.7676806,15.497005,5.9526525,-4.357772
11.225204467773438,-2.8187382,1.0882953,-3.6141803,14.743535,5.815711,-3.9116457
11.24528193473816,-2.698638,0.8831836,-3.4827986,14.09367,5.7658777,-3.5183384
11.265365600585938,-2.5507352,0.6863345,-3.3632212,13.52295,5.7686625,-3.1430104
11.28732442855835,-2.5507352,0.6863345,-3.3632212,13.52295,5.7686625,-3.1430104
11.307267189025879,-2.396231,0.49526557,-3.2412052,12.981611,5.7950954,-2.7629387
11.327539920806885,-2.2077246,0.27376994,-3.1104207,12.471396,5.833129,-2.3374941
11.347490310668945,-2.0799193,0.044819683,-2.9904556,12.074831,5.962878,-1.9977611
11.367687463760376,-1.6745461,-0.42248026,-2.8114915,11.697562,6.1136136,-1.4299861
11.387743949890137,-1.187391,-0.69054544,-2.467708,11.153554,6.11121,-0.5381478
11.407883167266846,-0.8636363,-0.9869518,-2.0822654,9.999099,6.1269517,0.29248556
11.428128957748413,-0.47198853,-1.4064834,-1.8300172,8.909327,6.103143,1.1095785
11.448149681091309,-0.47198853,-1.4064834,-1.8300172,8.909327,6.103143,1.1095785
11.468188285827637,-0.100142,-1.8190241,-1.6739054,7.9638815,6.116748,1.8110925
11.488252878189087,0.14686297,-2.153137,-1.6018219,7.283436,6.2542653,2.3566601
11.50837755203247,0.29528514,-2.2982783,-1.5708215,6.8971486,6.3718076,2.6817691
11.52843689918518,0.34004816,-2.319774,-1.552875,6.704791,6.427058,2.8380213
11.548554182052612,0.32978705,-2.317626,-1.5446892,6.6016293,6.4381456,2.907306
11.568758249282837,0.31219038,-2.314261,-1.5431383,6.54403,6.428862,2.931341
11.588871479034424,0.3015953,-2.311277,-1.5438169,6.515996,6.4161205,2.9272768
11.608938932418823,0.3015953,-2.311277,-1.5438169,6.515996,6.4161205,2.9272768
11.629111766815186,0.29853633,-2.3085487,-1.544958,6.509268,6.4060864,2.9042442
11.649141311645508,0.30103335,-2.3059006,-1.5461566,6.5178633,6.399465,2.868354
11.669487476348877,0.3072361,-2.3031578,-1.5473304,6.537139,6.3954687,2.8239076
11.689408302307129,0.31576028,-2.3001776,-1.5484656,6.5636773,6.393187,2.7738643
11.709469318389893,0.32565787,-2.2968643,-1.5495782,6.5951133,6.391926,2.7201414
11.729562282562256,0.33630678,-2.2931864,-1.5507184,6.6298857,6.3912325,2.6640456
11.749607563018799,0.34731314,-2.28914,-1.5519505,6.66695,6.3908167,2.6065328
11.769753217697144,0.34731314,-2.28914,-1.5519505,6.66695,6.3908167,2.6065328
11.789898872375488,0.35842273,-2.284657,-1.5532844,6.705598,6.39044,2.5481431
